{"Cities Skylines.url": {"md_time": 1671852826.3855731, "size": 222}, "desktop.ini": {"md_time": 1670631555.0369077, "size": 282}, "exercise23_beyond1.py": {"md_time": 1672465090.7452219, "size": 745}, "exercise23_beyond1__support_file1.csv": {"md_time": 1672464798.1913607, "size": 193}, "exercise23_beyond1__support_file2.json": {"md_time": 1672464798.1913607, "size": 265}, "exercise23_beyond2.py": {"md_time": 1672465090.6983383, "size": 704}, "exercise23_beyond2__support_file1.csv": {"md_time": 1672464798.1913607, "size": 193}, "exercise23_beyond2__support_file2.json": {"md_time": 1672464798.1913607, "size": 415}, "exercise23_beyond3.py": {"md_time": 1672465090.7296193, "size": 1962}, "exercise23_beyond3__support_file.json": {"md_time": 1672464798.1913607, "size": 477}, "Microsoft Edge.lnk": {"md_time": 1670631555.6177895, "size": 2361}, "Python": {"md_time": 1670640433.537629, "size": 8192}, "python-workout-50-essential-exercises-1.pdf": {"md_time": 1671820586.3163452, "size": 8544305}, "Repository": {"md_time": 1672467394.1521604, "size": 12288}, "Telegram.lnk": {"md_time": 1670632328.5901158, "size": 1046}}