{"Cities Skylines.url": {"md_time": 1671852826.3855731, "size": 222}, "desktop.ini": {"md_time": 1670631555.0369077, "size": 282}, "Microsoft Edge.lnk": {"md_time": 1670631555.6177895, "size": 2361}, "Python": {"md_time": 1670640433.537629, "size": 8192}, "python-workout-50-essential-exercises-1.pdf": {"md_time": 1671820586.3163452, "size": 8544305}, "Repository": {"md_time": 1672441068.1720867, "size": 12288}, "Telegram.lnk": {"md_time": 1670632328.5901158, "size": 1046}}